410,Dag,Iset’,38487
654,Yuri,Ombarade,39946
529,Ogdon,Purut,27382
109,Janice,Pampas,64655
452,Anatole,Bagumbayan,27380
984,Linette,Verkhniy Lomov,60752
510,Lisette,Santa Teresa First,81828
218,Gallard,Fukui-shi,50045
371,Sibylla,Chachagüí,74661
540,Concettina,Konstantinovskoye,52955
423,Sharyl,Jishui,52409
245,Elonore,Hendījān,32981
461,Theo,Čajniče,68830
578,Edeline,Santa Rosa,29086
210,Ree,Thành Phố Ninh Bình,45827
855,Kylen,Kusak,33726
795,Alice,Longford,71704
546,Maxie,Tūkrah,55239
227,Jerome,Vaitogi,27708
345,Almeta,Gudurica,94767
736,Alexandra,Volzhskiy,45416
418,Wilona,Lokokrangan,82755
907,Walther,Alenquer,27509
799,Phylis,Iwakuni,20096
637,Aryn,Mengmeng,98661
247,Frannie,Gaoyang,64639
66,Merry,Shuidong,49895
232,Devlin,Potosí,54460
442,Nixie,Nanzhihui,23195
443,Yetta,Ciekek,88150
614,Hunfredo,Jiuguan,65700
115,Elisha,Vyatskiye Polyany,45602
258,Elysee,Žatec,56484
280,Link,Kharkhorin,12296
239,Estele,Edosaki,89751
928,Sancho,Daxi,38780
947,Merv,Arroio Grande,12179
100,Sheelagh,Jayyūs,34302
317,Felicdad,Kayasula,36118
60,Fayth,Labuhansumbawa,72866
98,Vinni,Visim,81187
361,Cary,Yonggu,79870
539,Myrlene,Corujeira,85933
999,Kaiser,Kedungtulup,33166
338,Filippo,Hetang,60652
569,Nissa,Atlanta,78585
101,Idell,Or Yehuda,37465
748,Glyn,Jieshi,89972
550,Bale,Moñitos,68285
441,Crissy,Thị Trấn Lâm,39024
897,Karylin,Benito Juarez,89514
67,Emmet,Beidong,57065
842,Walther,Huaidian,56549
755,Marilyn,Yelyzavethradka,79267
553,Ev,Cocabamba,64588
856,Sean,Juranalas,65818
337,Blithe,Plateliai,74310
154,Saunderson,Selasari,47788
513,Obediah,Amsterdam Noord west,75413
515,Chris,Vrangel’,32267
748,Idaline,Sorokino,28468
680,Vita,Serra da Boa Viagem,81750
45,Shanie,Wudabao,30401
52,Kyrstin,Ivyanyets,48257
12,Rabbi,Sariwŏn,78070
219,Ulla,Slavyansk-na-Kubani,75974
765,Sharai,Bulakbanjar,66285
716,Lindsay,Zeguo,98452
291,Coraline,Askim,38455
834,Nissie,Azacualpa,43752
196,Wilone,Yixi,29168
931,Steffane,Viļāni,80618
309,Davey,Ribeirão,80441
703,Jennilee,Vila de Rei,88456
570,Ravi,Kamieniec Podolski,97895
470,Electra,Libertad,55387
684,Jud,Sumberdadi,69150
600,Cilka,Nevers,17757
886,Yorker,Lobamba,74816
290,Donny,Poshnje,25463
283,Caddric,Sidirókastro,25577
549,Felicity,Xiawa,26624
540,Merola,Habo,68801
102,Salome,Shewopo,52080
948,Nalani,Machala,60054
18,Alina,Enewetak,75481
580,Odie,Lomme,77693
170,Phaidra,Krzczonów,56907
246,Carmela,Cartagena,33884
891,Janey,Ojo de Agua,39116
326,Winona,Uppsala,35125
666,Natka,Saint-Grégoire,40404
345,Betty,Kuala Terengganu,77484
955,Rosalia,Täby,74400
804,Jesse,Krajan Dukuhseti,38484
713,Deni,Arcos,38604
860,Jaime,Duraznopampa,22584
285,Ernesto,Jiangjiazui,10304
901,Jeniece,Naifaru,70385
906,Garner,Libas,36937
157,Moses,Banjar Bias,67243
914,Myrtice,Ar Ramāḑīn,38463
495,Lindon,Wenbi,22637
351,Woodie,San Pedro,73761
90,Cassius,Sidikalang,17460
419,Vincenz,Sobinka,41298
728,Giralda,Tanudan,87043
566,Stefan,Karangnunggal,64821
107,Moishe,Dobre Miasto,93894
355,Efren,Antalaha,80764
722,Anne-marie,Pingya,36048
507,Willow,Castlerea,95412
504,Davey,Yuqi,66601
53,Jennifer,Aveiro,27560
37,Cate,Badīn,35988
250,Margeaux,Payao,47790
611,Jennica,Fucheng,61666
42,Peg,Tulungrejo,41033
201,Emilio,Thanatpin,95666
181,Ora,Šluknov,87227
592,Danya,Gråbo,89589
300,Becky,Sofrino,95997
549,Julianna,Guatraché,64253
802,Meryl,Alacaygan,52047
86,Felike,Borzechów,79640
826,Wald,Sirnasari,83792
937,Chelsy,Sarmanovo,60642
808,Cherey,Salantai,79404
446,Maudie,Chenzhouzhai,88512
277,Darrell,Rafaela,86683
678,Candice,Trinidad,32254
84,Ilyse,Petrolina,70142
6,Clem,Kāleke Mandi,42531
181,Nicolais,Shatou,65414
767,Cori,Aku,94196
325,Sayres,Pereleshino,39735
171,Nolie,Gaimán,33999
495,Quintana,Starigrad,55995
983,Edmon,Hongmiao,73262
815,Joey,Maythalūn,18715
337,Christoph,Dřevohostice,22914
535,Davina,Sirre,52538
385,Fredia,Buenos Aires,64086
831,Eleonore,Piuí,67269
240,Dottie,Dulangan,66983
661,Brigham,Xinzhou,16459
406,Ailyn,Colinas,10168
205,Ardelle,Křenovice,11810
440,Pansy,Gongnong,94674
245,Violet,Sangesi,45822
757,Lenette,Gamay,30163
480,Nona,Utrecht (stad),51927
364,Valencia,Sokol,34909
473,Naomi,Sangiyn Dalay,72328
858,Willi,San Luis,46950
219,Merla,Shigou,93666
228,Garrot,Argostólion,36806
884,Gerry,Santa Cruz,32080
46,Frederick,Sovetsk,77073
599,Linn,Fengqiao,92397
486,Berte,Blatnica,63959
685,Violante,Skien,24363
365,Quinn,Halmstad,99076
355,Godiva,Farnham,90689
571,Bess,Ami,33281
366,Maximo,Chumphon,57375
505,Marleen,Swiętajno,17035
100,Berti,Yacuiba,34461
730,Lou,Villaviciosa,48764
970,Adrien,Fagersta,19369
19,Berke,Shoushan,77320
979,Jessamine,Jingzhou,27638
914,Chiarra,Jiangtun,58547
37,Alanson,Enköping,23593
537,Gerianne,Daishan,11624
927,Claude,Hannover,57506
781,Kaia,Yedogon,11784
65,Dame,Liji,45625
952,Barnie,Penghu,39621
637,Claire,Raciążek,55821
868,Giulietta,Putrajaya,65253
117,Danya,Salento,41586
113,Garnet,Zhuangxing,61806
743,Cybil,Sanjiazi,42480
366,Luelle,Gebang,59856
372,Theadora,Medvedok,64156
946,Brittne,Saint Augustine,31710
917,Uri,Denton,57325
152,Cesya,Novomichurinsk,18310
905,Elsy,Gaoguan,12979
20,Billie,Marneuli,75906
378,Tod,São Borja,71550
902,Gretna,Ettal,95731
785,Ilka,Daxing,77928
231,Cammi,Youyang,98648
518,Lenee,Guaratuba,56156
393,Bernice,Bolikhan,44493
358,Nathaniel,Pitkyaranta,51960
108,Torin,Xiagong,52355
292,Natty,Krajan,50319
456,Karlyn,Fortuna,67154
216,Kerri,Laval,78117
40,Minetta,Ūdalah,90282
362,Linell,Cajazeiras,60718
754,Lonee,Wang Noi,99763
635,Jan,Bato,98769
694,Ailsun,Längelmäki,67208
272,Kaylyn,Shixian,98032
241,Will,Taywanak Ilaya,92371
500,Codi,Ambovombe,65897
486,Nickolaus,Skurup,77468
968,Gabi,Mirandopólis,37412
125,Rory,Slavyanovo,17504
276,Yancey,Villefontaine,10807
233,Dukey,Formosa,39639
326,Zacherie,Chavão,15075
620,Octavius,Yanglinqiao,36054
868,Corny,Tianhu,15508
324,Ambrosius,Impalutao,66437
171,Nollie,Sawoi,35520
135,Aldric,Krian,79172
364,Rurik,Atafu Village,65222
680,Dannie,Yeysk,26211
511,Basia,Encrucijada,58402
578,Chastity,Lolotique,27311
738,Beret,Rimpeso,94981
713,Boone,San Diego,44809
806,Port,Valbo,90711
987,Minnaminnie,San Rafael,67812
124,Stavros,Xihuachi,50697
272,Cross,Queluz,68500
549,Cheryl,Pepayan,96143
933,Ivor,Myasnikyan,60880
871,Ronda,Adela,27962
744,Gerald,Liucheng,84596
165,Star,Barrancas,72554
716,Brynn,Ejigbo,29895
188,Lissi,Chojnów,57029
717,Gaven,Grzęska,24721
977,Pacorro,Jiangshi,64442
644,Cash,Krathum Baen,19350
688,Izzy,Zhangduangu,29963
502,Chanda,Leńcze,99269
384,Warden,Huntsville,97184
168,Antonin,Seoul,53579
256,Elbert,Envigado,52523
923,Hayes,Fatualam,68012
756,Benedick,Thongwa,18180
534,Sibbie,Opařany,30686
701,Brigitta,Gualán,48392
429,Kathrine,Tulu Bolo,16794
91,Mariellen,Charqueadas,15266
533,Misty,Detroit,52722
805,Gideon,Yimnón,19272
568,Gilles,Kelin,17843
799,Ollie,Nishor,35046
735,Gordie,Santa Catalina,32880
694,Leodora,Baizhifang,22508
638,Conway,Beauvais,33873
63,Verla,Łagów,21546
723,Sinclare,Sorol,33043
266,Earlie,Harembo,28069
116,Wit,Parychy,59512
338,Lita,Asenovgrad,44320
4,Rosita,Kalmar,24919
896,Scarlet,Tsibulev,73187
9,Inge,Altan-Ovoo,73613
78,Torey,Xiangfu,66101
639,Isis,Tebara,73314
46,Virginia,Zhuji,12368
209,Willis,Hofors,56291
315,Parsifal,Gucheng,20911
310,Fiorenze,Meadow Lake,58975
449,Dasie,Yipeng,82449
364,Tam,Pierzchnica,12771
478,Celestyn,Gevgelija,34372
775,Thaxter,Kampungbajo,14665
747,Agnes,Bahía Honda,38681
996,Beverly,Jatimulyo,44243
538,Bren,Naha-shi,76041
372,Ag,Nggesa,61221
575,Mindy,Ciparay,88565
653,Bonnie,Santa Ana,78491
693,Chev,Gebang,28577
550,Liz,Jatisari,66616
294,Hamlen,Xiaocun,81748
80,Amie,Chencun,16248
157,Ophelie,Holýšov,70658
319,Darryl,Ar Rābiyah,96645
106,Blaire,Chojna,33263
86,Nikolaus,Khovaling,27088
901,Barrie,Kusŏng,81984
687,Gertrudis,Umeå,72990
417,Jacquenette,Huangze,58518
5,Hynda,Shiziling,55789
326,Blithe,Nashville,52899
533,Alfonso,Ramat Yishay,50382
407,Honey,Linoan,64898
707,Duncan,Lebowakgomo,20397
190,Melicent,Náchod,89996
301,Abigail,Santa Cruz del Norte,77693
543,Annabela,Privlaka,48953
553,Andrey,Nis’oni,31276
821,Gayleen,Kalunan,48103
81,Ingunna,Kōchi-shi,15678
279,Dierdre,Saint-Claude,57998
487,Odie,Pyt-Yakh,42637
502,Evvie,Bin’an,64930
599,Alyss,Tunggaoen Timur,87297
415,Allin,Pampa Hermosa,60117
938,Marcelo,Donghoufang,80701
619,Filberte,Houston,65285
245,Clerissa,Terjan,70979
611,Trescha,Sanbao,21986
112,Klarrisa,Hexi,37055
493,Biron,Sarandi,99206
425,Burg,Vargem Grande do Sul,38281
891,Raina,Stepove,88328
59,Whit,Nizhniye Achaluki,91888
739,Oralee,Beiqijia,50905
383,Dinny,Madang,28116
1,Chiquia,Ciudad Bolívar,98959
206,Reed,Macas,30649
86,Deeanne,Śmiłowo,53770
179,Lucilia,Longquan,55264
932,Sidonnie,Bagong Pagasa,88246
616,Danika,Vänersborg,71274
838,Ettore,Manhuaçu,35605
84,Fania,Hebeitun,64533
578,Andria,Baliton,34633
794,Othilia,Popovice,84885
626,Lina,Majiang,63449
542,Dawn,Qiaodong,13121
103,Hobey,Dongzhang,34457
774,Colette,Selopuro,17011
550,Kristina,Tallahassee,95289
581,Had,Simeykyne,53692
743,Gwendolen,Kradinan,80515
4,Howie,Montenegro,66982
386,Milissent,Doksy,47999
364,Noell,Poste du Lac,49298
932,Aloysius,Mangarine,52128
125,Costanza,Dingtao,54832
611,Fayette,Dongtundu,58343
448,Angelo,Majagual,38114
591,Caye,Caála,77633
107,Elie,Dingbu,56247
28,Milli,Uppsala,82316
719,Perle,Atães,34334
955,Jakob,El Triunfo,57393
735,Priscilla,Bojawa,64896
789,Germain,Jargalant,36986
915,Winona,Piterka,23202
954,Colan,Köln,61140
310,Sergei,Celestynów,23666
975,Levin,Cheremshan,37745
155,Pierce,Yanhe,24185
244,Raoul,Sembakung,48215
330,Cyril,Chengtang,56290
37,Walther,Gajah,23047
530,Odilia,Mahalapye,84697
625,Stirling,Nyrob,73202
465,Eydie,Lebak,35656
145,Ruttger,Sadabumi,15578
842,Gae,Rezé,59182
532,Val,Iñapari,70441
251,Jacquenette,Baharly,89197
985,Janella,Banjar Tiga,22641
294,Doreen,Tlumach,53461
102,Odo,Yongfeng,37449
142,Melina,Lasehao,75199
595,Emelita,Yangjian,90378
745,Allistir,Greda,63106
356,Sergio,Gumaus,66232
562,Terese,Garawati,84923
948,Brynna,Kut Bak,97940
425,Viola,Masku,90954
209,Nonna,Bala Murghab,72684
186,Tasia,Nikhom Phattana,88514
984,Lazar,Samanggen,28619
266,Clerissa,Shuqiao,51457
760,Rae,Mainz,50684
435,Opaline,Dzhankoy,53532
649,Margret,Zduńska Wola,39550
892,Avrit,Puteaux,38764
422,Saree,Tytuvėnėliai,19308
431,Jorry,Shuanggang,52026
957,Katherina,West Jerusalem,38419
883,Elene,Intendente Alvear,21128
961,Leodora,Orlová,80359
356,Cheston,Redon,77965
178,Barbe,Shahe,18190
625,Salomone,Arroyito,86798
680,Devland,Mount Darwin,93545
514,Marabel,Arvidsjaur,57018
20,Howie,Champigny-sur-Marne,46983
687,Merwin,Kohtla-Järve,53530
91,Clare,Labin,83172
71,Xena,Al ‘Awjā,33036
154,Sella,Cingambul,14972
261,Manon,Yunhe,12495
621,Arther,Zhongxing,40426
482,Marybelle,Pingdingshan,54080
388,Roddy,Dumaguete,26871
502,Vida,Ardazubre,71391
773,Annice,Gaojiazhuang,63426
114,Anastasie,Khāliş,37528
714,Cherilynn,Kinatakutan,83852
999,Cchaddie,Karanganyar,73683
725,Giorgia,La Bélgica,55722
36,Viv,Zhufo,22373
391,Jessy,Salvador,85168
105,Tricia,Jinhua,62716
785,Sherm,Jatirogo,82319
267,Orsa,San Guillermo,41642
36,Benny,Hrušica,82422
742,Dyna,Cinyawang,82544
633,Brana,Ardino,16683
127,Dyan,Gondar,93987
214,Kimble,Bergen,63697
922,Trenna,Arţās,70408
603,Kincaid,Serikbuya,73887
764,Julianna,Grimshaw,58974
148,Krishnah,Cabiguan,44143
205,Brandie,Lubu,52325
387,Ermanno,Cernay,12597
835,Cathlene,Giporlos,62638
245,Magdalene,Leshukonskoye,46443
321,Alisa,Trbovlje,84694
901,Margy,Gbarnga,30410
821,Libby,Qusar,29150
401,Tabbitha,Mojosari,56337
375,Ardra,Huangtukuang,80760
599,Elston,Hacienda La Calera,97071
568,Delila,Tánh Linh,88679
228,Juliana,Médanos,58683
552,Karoly,Trinidad,63096
202,Maurise,Nanhuang,32933
937,Marilyn,Ilare,16329
393,Randi,Luxi,60475
104,Micaela,Miān Channūn,68200
870,Ted,Miskolc,87892
998,Emmalee,Vershino-Shakhtaminskiy,95282
678,Garrott,Wąsosz,91360
344,Delmore,Pandangan Kulon,33729
613,Nowell,Marcos,42325
382,Sawyer,Shediac,67384
658,Rasia,Ermelo,44154
952,Krysta,Chimanimani,46976
674,Huntington,Khorosheve,22930
887,Roze,Łazy,53650
394,Fianna,Cavaillon,44360
114,Devlin,Xiaoshanzi,66292
948,Erl,Tyczyn,21225
444,Cherilyn,Socabaya,24154
761,Hinda,Wangkung,42679
117,Leelah,Huchang,52077
959,Danyette,Maru,43132
775,Gertruda,Pijao,16791
148,Jerrilyn,Wonopringgo,28538
698,Tamma,Tríkala,79193
661,Philip,Merdeka,35818
944,Blane,Hoi,55591
669,Josy,Shilong,77829
94,Cicely,Cajamarca,21137
458,Lucian,Pasrūr,83858
539,Wendie,Haoguantun,24899
787,Kean,Baisha,90232
320,Hank,San Miguelito,28474
360,Jim,Nakambala,99922
985,Leland,Hassi Berkane,72445
746,Gerta,Pryvol’ny,72754
499,Joel,Guancheng,49378
498,Alva,Ołpiny,10101
511,Adriane,Caen,40466
461,Taber,Lleida,56955
302,Royal,Lebak,79642
262,Aguistin,Čajetina,31991
184,Una,Sigaboy,36091
186,Dominica,Lerrnanist,52957
159,Susannah,Beaverton,81517
18,Markus,Néma,30729
271,Gabie,Tsuma,56563
436,Dru,Zhangxi,76498
58,Roz,Dzorastan,41746
401,Buffy,Yingjiang,57940
762,Kalinda,Lagoa Santa,23565
486,Halsy,Kohtla-Järve,78465
98,Chance,Lapaz,29303
190,Marketa,Nafada,36071
777,Sydney,Santa Catarina,54662
529,Braden,Luleå,48685
699,Beulah,Kibondo,95951
651,Sula,Rochester,76736
543,Kalina,San Jose,42629
295,Barrie,Biruinţa,10272
780,Milo,Pampas Chico,14557
534,Clifford,Sumberan,55947
516,Fidelio,Dniprodzerzhyns’k,13791
534,Lee,Paobokol,23697
844,Pennie,Duzhou,13610
304,Issi,Krajanbaturno,50921
816,Farica,Tuatuka,88456
133,Stavros,Tilburg,63255
8,Kameko,Tupaciguara,59357
550,Milton,Qarah Bāgh Bāzār,65015
958,Jerrie,Escola,80313
340,Dita,Yonghe,59876
17,Edlin,Chone,42852
456,Arielle,Novorossiysk,57835
319,Carroll,Lengkong,20959
589,Gennie,Jianfeng,42258
494,Teador,Sapphaya,57545
763,Derwin,Bajo Naranjillo,27058
16,Erv,Jamaica,39827
887,Sharline,Muzhou,39145
410,Weider,Libertad,88018
278,Kile,Krajan Karanganyar,80542
642,Korella,Villa Santa Rosa,40139
770,Ashbey,Petung,19207
837,Theodora,Mukacheve,58261
232,Reggie,Lyon,25729
458,Rebeka,Winong,52457
128,Sascha,Lutoryż,55030
234,Gerri,Amucao,88079
6,Bird,Hulei,40530
876,Yankee,Tagakpan,74939
477,Jennette,Aurillac,74232
17,Lydie,Zhouzhuang,50839
79,Lonnie,Bangshipu,47068
287,Eugen,Kraljevica,88431
318,Tuck,Drachten,94095
919,Suzie,Ludwigshafen am Rhein,95841
917,Katey,Fleury-les-Aubrais,19898
883,Lorianne,Spasskoye-Lutovinovo,83788
101,Calhoun,Cikembang,37314
864,Ashbey,Malasiqui,82705
560,Binnie,Luyi,28543
92,Hal,Nazaré,46425
764,Allayne,Jianguo,86757
39,Ellen,Yuracyacu,59728
191,Kristofer,Sousa,52254
956,Desi,Mudian,58065
441,Fletch,Rosthern,65336
300,Ajay,Piripiri,62566
251,Howard,Campo Viera,95102
347,Lani,Kuvshinovo,99207
654,Candy,Likhoy,65874
554,Theda,Hengdaohezi,54043
893,Baxie,Sinarbakti,40393
593,Carmen,Feliciano,56693
437,Flori,Leppävirta,83507
446,Gertrud,Qiangtou,52133
990,Tanya,Potlot,79235
939,Margalo,Sekampung,23708
633,Hubey,Storvik,69688
196,Devondra,Émpa,93078
242,Christopher,Rimpeso,69962
661,Rudyard,Podgorenskiy,45814
662,Elle,Chervonohryhorivka,72319
767,Langsdon,Santa Magdalena,77535
16,Cherey,Palon,66869
652,Brig,Al Mazār,14794
345,Tammara,Marabá,27219
837,Verina,Tocha,48076
82,Esther,Zebrzydowice,50124
141,Cinda,Rumāh,11717
564,Camala,Phatthana Nikhom,60689
325,Casandra,Kristiansund N,23881
207,Byrann,Moglicë,54259
109,Cyrus,Salanegara,13615
813,Terri-jo,Masaran,98917
322,Jacklin,Jadranovo,37183
595,Lonee,Margasari,73610
820,Angele,Nanterre,43919
924,Tamiko,Mojo,64843
611,Noby,Qalandiyā,64210
406,Pietrek,Trinidad,48123
677,Filippa,Leuwibuleud,88249
216,Adrianna,Paris 06,24976
348,Wright,Bellevue,62854
262,Doroteya,Tabalong,51693
600,Elbertina,Tengah,35430
821,Julian,Zhongdong,14160
703,Barby,Nong Bua Daeng,83302
331,Clarinda,Kalanchak,22125
420,La verne,Niort,84930
203,Wilek,Yukuhashi,41288
649,Malachi,Şabāḩ as Sālim,60306
850,Carmita,Loakulu,59152
543,Kele,Hošťka,80089
364,Paige,Chardonnière,99044
256,Tyne,Xiaoyangqi,60404
498,Shelbi,Castlepollard,41779
499,Ilene,Shakīso,64315
361,Paule,Morani,60658
138,Ashien,Mlanggeng,20571
530,Rodolph,Nageswari,29159
385,Letitia,Luoping,80459
474,Robinson,Xinzhou,20784
985,Alida,Jastrowie,19125
816,Sydney,Dingshan,56787
806,Latisha,Geshan,35033
496,Bran,Charleston,61484
936,Emmeline,Soritor,82938
634,Ray,Zavoronezhskoye,88163
123,Becki,Slobidka,34391
181,Rochette,Zvole,79648
821,Bryna,Cofimvaba,86658
247,Sam,Avignon,76682
536,Kinsley,Jesús María,25189
958,Lisbeth,Oesain,98581
738,Ransell,San Rafael,51890
418,Ros,Pampa Hermosa,86715
328,Chrissy,Bordeaux,31478
325,Michele,Svilajnac,69417
723,Nolie,Kupahandap,95350
657,Corena,Xiyuan,44813
268,Halsy,Zürich,51208
569,Joya,Dongdu,62771
568,Yoko,Xiaosong,80422
657,Sutton,Vitrolles,92664
500,Des,Hengqiao,34380
822,Fayette,Blagoveshchensk,45703
616,Hettie,Yongning,16305
298,Kimberley,Yengimahalla,99109
564,Ernesta,Gangnan,27797
347,Stacee,Tetaf,99265
483,Dorolisa,Jiale,78532
552,Avril,Dongtian,73926
989,Kristen,Pires do Rio,67231
506,Beauregard,Shuangjing,64599
471,Opaline,Sumberrojokrajan,51212
330,Brantley,Longos,69525
202,Sherye,Colima,17650
769,Rickie,Tangkeng,36685
683,Florina,Sigu,25710
668,Van,Pieniężno,78965
265,Winnie,Toyós,47127
146,Reece,Zhangbang,55245
561,Bud,El Vigía,90654
356,Aimee,Göteborg,80132
812,Abram,Kulykiv,15945
362,Vonni,Cineumbeuy,18495
294,Kelsey,Taphan Hin,80209
654,Verla,Tunal,89257
156,Sanson,Singapore,87479
910,Stewart,Compostela,39885
74,Valene,Prapen,18813
789,Ertha,Sarirejo Satu,74282
500,Odelle,Cikubang,35915
127,Godfrey,Bojong,76328
214,Zahara,Eido,27661
271,Priscilla,Abdurahmoni Jomí,16857
70,Timotheus,Obigarm,30893
303,William,Talas,18212
364,Issi,Parintins,94106
436,Keefe,Krajan Kulon,54697
340,Adan,São Marcos,22956
20,Jobi,Lijia,74824
926,Jacquette,Rio de Mouro,87722
909,Inez,Wenquan,33246
678,Torrie,Jialu,74594
330,Dehlia,Megalochórion,64561
775,Tuckie,Konārak,66376
608,Fayina,Curumaní,38792
23,Bette-ann,Shenavan,55335
406,Florette,Pamplona/Iruña,58824
202,Lesly,Koltubanovskiy,76847
664,Sasha,Milevsko,85450
223,Juliette,Liuji,86366
235,Tessa,Mohammedia,92690
476,Brynn,Patani,20537
554,Cyb,Kiukasen,74603
401,Loydie,Muliang,42289
602,Analise,Sangzhou,36908
260,Clerissa,Beichengqu,85519
255,Trisha,Nacaome,90580
541,Dom,At Samat,13389
293,Cornelius,Selmes,95170
134,Auria,Greenland,79006
69,Haslett,Siilinjärvi,98405
373,Ainsley,Kakamigahara,60751
277,Gizela,Delft,85886
871,Kippar,Komsomol’s’ke,99456
935,Kippy,Solec Nad Wisłą,82286
997,Flynn,Santo Domingo,44236
1000,Beryl,Timba Lauk,76575
495,Tresa,Nowshera Cantonment,33028
189,Onfroi,Pulau Tiga,55001
820,Bertrand,San Diego,87798
903,Klemens,Río Ceballos,55224
685,Shandra,Szeged,83220
167,Dorotea,Quỳ Châu,63437
735,Bartlet,Zouila,36686
926,Mikel,Cagdianao,66413
190,Amandi,Banjar Tegal Belodan,70424
463,Lew,Wuhao,31215
69,Georgeanna,Cotuí,14913
652,Cesare,Summerland,75119
724,Percy,Dar es Salaam,26039
940,Haley,Mwense,52979
131,Deeanne,Sauce,77848
581,Jeniffer,Nubma,40933
59,Danny,Dongjiang Matoukou,72768
364,Stacia,Banjar,55368
167,Efrem,Dongxin,28578
725,Berkeley,Ongandjera,91535
55,Rod,Aţ Ţawīlah,73992
692,Lianne,Chame,43429
868,Gertruda,Ferraz de Vasconcelos,97135
358,Vaughan,Haumeni,36483
874,Almeta,Arranhó,69833
76,Teressa,Ḩalabjah,53129
134,Putnem,Mazongling,76068
110,Carena,Margorejo,83697
759,Rip,Quimbaya,92355
893,Cristine,Madrid,41172
898,Yancy,Hāgere Selam,87599
274,Burnard,Tsushima,77535
912,Eldon,Rotterdam postbusnummers,86854
441,Garwood,Krajan,23057
414,Verina,Moreno,55001
145,Ame,Bromma,18496
204,Karlotte,Longmen,11048
927,Kip,Nancy,88044
167,Marlow,Jielong,90893
755,April,Bebekan,18160
843,Lee,Sawangan,64645
728,Marianne,Bihoro,77302
788,Eleonora,Valle de Ángeles,90088
56,Chelsey,Kabin Buri,35096
210,Kyle,Hudiksvall,76404
311,Christoforo,Xijiang,36230
640,Rafi,Guacarí,39780
334,Travers,Bastia,61970
887,Elana,Eiriz,97417
254,Olva,Cimarelang,19832
21,Haleigh,Cidolog,10652
499,Skip,Fort-de-France,16217
180,Bartolemo,Dajabón,55758
836,Quintina,Ruo,23320
87,Carmela,Pilpichaca,12294
345,Denise,Caramay,48517
412,Jermayne,Idah,84426
560,Leeanne,Quillabamba,53110
888,Seka,Pingxiang,51113
328,Gusella,Refojos,71726
953,Morgen,Oton,82956
678,Lionel,Watari,22940
664,Armand,Guxian,30084
792,Sidonia,Bergen,67863
672,Orel,Arroio Grande,67845
572,Seka,Villanueva,84559
210,Judon,Arnhem,96962
562,Ola,Alpatovo,88697
97,Jacky,Metz,58705
607,Berti,MacArthur,36663
24,Gwenore,Järfälla,34629
393,Jaclyn,Reisdorf,13080
99,Adler,Toki,59566
749,Conni,Buzhakan,27929
11,Ermina,Katabu,15018
633,Ira,Tadrart,10948
45,Linette,Huiwan,62331
489,Erv,Przywidz,20677
821,Alejandrina,Chipinge,11796
642,Walden,Xiaogang,35903
811,Goldi,Monching,91048
540,Bary,Thị Trấn Việt Lâm,40469
786,Witty,Selaawi,79551
381,Ardine,Žihle,82729
638,Rosalinde,Monte do Outeiro,32329
534,Sloane,Huaidao,52179
590,Deana,Alès,83601
488,Norrie,Al Ḩudaydah,54829
735,Conn,Buri,72936
494,Man,Itapetinga,41767
84,Leshia,Litian,38788
309,Fredra,Sepīdān,70862
433,Danila,Chigoré,48151
854,Kimbra,Somovo,40156
55,Mala,Hejia,91970
24,Eimile,Las Vegas,23584
740,Brook,Durham,97026
593,Ralina,Ust’-Omchug,36401
623,Melicent,Vilhelmina,72926
545,Tiffanie,Xigou,12865
783,Kirbee,Fafe,21596
472,Minnie,Kudamatsu,72376
742,Juieta,Jingtan,89540
651,Madeline,Thị Trấn Mộc Châu,94916
984,Karlotte,San Antonio de los Baños,80518
907,Jean,Santo Amador,77934
567,Penny,Karanggeneng,77492
117,Ambrosius,Khao Yoi,82513
950,Breanne,Aban,68503
770,Chad,São Lourenço,28275
92,Birk,Iturama,92398
76,Jacobo,Mevo horon,55111
570,Tildi,Palla,22587
212,Rodolfo,Petrivka,30868
486,Gleda,Murygino,59389
966,Bendix,Simpang,95140
981,Mitchell,Bremerhaven,68690
581,Hazel,Bussum,55529
684,Mike,Corbeil-Essonnes,96581
554,Deane,Brejos,95428
673,Goldi,Toledo,66899
272,Christoph,Canoas,79485
109,Woodrow,Červenka,42066
898,Krispin,Ziketan,82855
365,Arleyne,Altan Emel,38814
798,Blaire,Skien,76078
745,Laney,Inuyama,99230
432,Ruby,Erie,25793
924,Riccardo,Feondari,37327
513,Dix,Calangain,60159
999,Kylynn,San Francisco,84336
847,Dominica,Saint Petersburg,12542
830,Maurita,Hayama,25728
848,Kerrin,Bisée,55463
683,Vicky,Suai,71859
651,Leroi,Jequié,12073
678,Amory,Sumberagung,33546
178,Malinde,Dehī,31708
750,Lorraine,Petoa,19470
721,Harley,Lobanovo,82688
766,Alano,Tétouan,73253
208,Wilhelm,Dzerzhinsk,97427
998,Gwendolin,Guanli,81641
158,Sunny,Anuling,57057
138,Tirrell,Rimus,59960
933,Jereme,Jämsänkoski,60749
452,Winny,Libato,64817
152,Mag,San Juan de los Morros,49473
626,Ardyth,Al Midyah,24596
904,Jaquelin,Jiucaigou,18524
991,Byrle,Lianhe,84350
818,Louella,Arroyo Salado,26839
270,Emmye,Sapucaia,56044
211,Lynnell,Daba,15733
956,Rudolf,Bezenchuk,43405
691,Briny,Punta de Piedra,99753
299,Ker,Bīr Zayt,10023
923,Ave,Huaping,83250
585,Helenka,Cognac,52179
834,Sheela,Konstantinovsk,95872
78,Bartel,Vychegodskiy,89749
615,Dasi,Chakari,70308
322,Vonny,Vrbovec,45067
322,Siana,Shilu,36939
677,Shirline,Yokotemachi,57195
3,Mora,Magong,67518
164,Angie,Ţafas,85191
880,Joletta,Klyuchevsk,68919
606,Ryun,Wuquan,62007
625,Pammie,Xijiang,53191
321,Tabor,Ābdānān,59809
382,Cary,Baláo,78645
867,Helenelizabeth,São Marcos da Serra,92710
649,Chelsea,Palmas de Monte Alto,55211
873,Torrin,Yanling,44001
980,Jamie,Chocos,94431
349,Reade,Baitang,52042
162,Jewell,Dafeng,29561
432,Sarge,Zhangshui,43300
711,Moe,Beizhakou,32859
105,Lois,Ngadri,33930
397,Filippo,Bella Vista,74979
507,Gonzalo,Hongtang,44444
372,Bernadine,Queluz,58602
461,Marlie,Kotido,67183
752,Hashim,Plato,27359
605,Phyllida,General Manuel J. Campos,68580
295,Rosalinda,Liucheng,18818
726,Chucho,Bratislava,74111
861,Faith,Iradan,55204
424,Lisabeth,Yanjiang,27997
704,Winslow,Buckland,69633
33,Connie,Lyon,33460
971,Udale,Bofuer,42897
620,Rutherford,Shumerlya,27223
832,Vinny,Koniaków,40767
862,Torey,Nanmu,55900
889,Rudolf,Fómeque,81282
243,Tiffy,Xindian,48545
243,Cesare,Jeżów Sudecki,10278
661,Lucias,Sacramento,57140
198,Liana,Mulyoagung,68094
694,Dorothee,Lloque,72022
351,Farlie,Bezlyudivka,55007
218,Gayle,Las Parejas,66509
312,Cinderella,Lutowiska,97618
831,Avigdor,Xinmen,17099
891,Bernardo,Guling,90624
45,Michal,New Orleans,86980
444,Pebrook,Almalaguês,21515
217,Meredith,Jagong,61643
123,Madison,Yangxiang,40491
580,Raf,Marseille,83584
866,Joelynn,Narita,37610
512,Ogdon,Laju Kidul,81062
281,Sayres,Fonteleite,12667
947,Pascale,Sơn Tịnh,85671
806,Fernanda,Sanjiao,32740
374,Margy,Sanjia,96037
645,Gwenny,Águas Vermelhas,37924
181,Sullivan,Madīnat Sittah Uktūbar,90512
95,Rafa,Soras,92320
382,Ossie,Staraya Toropa,14471
788,Kellsie,Shemonaīkha,67549
573,Maible,Trélazé,50447
84,Sebastien,Dizangué,38825
856,Beatrix,Biao,57563
780,Berty,Cabagan,84281
5,Darin,Niamey,94694
135,Siusan,Si Racha,25059
458,Flossi,Nalinggou,93307
40,Nickie,Montelíbano,25785
930,Darline,Nanzhang Chengguanzhen,18777
478,Evan,Kalibaru,56573
695,Mario,Ouanaminthe,48473
751,Crystie,Pengfang,56637
542,Amandi,Albuquerque,16006
399,Michell,Chilecito,92861
987,Gray,Muzidian,72498
916,Flossi,Nusaherang,17906
838,Madalyn,Kobylanka,37780
622,Lurlene,Pader Palwo,54516
428,Jamal,Tegalgunung,73069
675,Thea,Bobigny,39847
912,Amaleta,Lais,66824
733,Correna,Harhorin,94007
59,Korey,Tanguiéta,64467
475,Rutherford,Nifuboko,57828
336,Shanon,Maubasa,12635
436,Shanta,Lai Cách,16401
454,Isac,Veřovice,14145
48,Mitchael,Chimbote,58387
909,Gabbi,Hatton,95105
690,Wallace,Jindou,68573
882,Theodoric,Nyköping,27988
855,Faith,Gulonggang,91029
670,Ambrose,Choujiang,17786
610,Barbabas,Ciyun,78937
246,Darsey,Trenton,72202
303,Thomas,Rakaia,26808
436,Boote,Abades,41713
394,Konstantine,Libertad,97788
702,Bertie,Laúndos,46875
541,Damara,Shirone,96979
501,Seward,Baoshan,92136
792,Rora,El Estor,56979
476,Christyna,Mubo,16280
952,Karlen,Paris 11,28153
133,Rosamond,Buganda,77979
445,Danit,Goshogawara,61209
862,Flory,Lamak,72259
893,Veronique,Baoxia,99802
646,Cyrillus,Wangchang,24711
349,Lazarus,Rāmganj,63725
935,Annalee,Piteå,97619
873,Aldous,Chengdong,64376
28,Orsa,Beitai,57488
46,Alie,Jirkov,75361
808,Grete,Ulaanbaatar,56132
910,Daphene,Pinghu,18403
631,Marrissa,Ishim,66425
408,Tobias,Monching,64318
120,Ivor,Zhongshanlu,43313
123,Yetta,Chahe,18054
546,Luke,Tarko-Sale,35857
685,Brenn,Muting,93514
981,Farra,Sagasa,90225
566,Kyrstin,Corozal,83418
677,Corliss,Istres,64049
86,Tabina,Ringinagung,64166
517,Ranice,Talata Mafara,39337
541,Stevy,Séléa,26918
704,Johannah,Colinas,36236
444,Tore,Nanyang,97057
382,Herc,Fenglin,66162
130,Maureen,Santa Ana,71721
494,Merlina,Aydūn,61511
510,Fulton,Léo,56221
856,Donni,Peteranec,43522
161,Elka,Bagiktinggang,13422
139,Bard,Guiyang,22173
418,Myrtice,Lalapanzi,73580
24,Davy,Youwei,28382
915,Uta,Sfax,49035
654,Reinaldos,Kawungsari,61348
150,Pattie,Yuli,38855
868,Markos,Nanlang,84577
321,Bethena,Getazat,57874
512,Barnebas,Khulo,84443
21,Franklyn,Juazeiro do Norte,21149
675,Daphene,Sambong,83824
327,Lotti,Pongkor,98311
